"0","#| label: import-datasets"
"0","#| warning: false # turn off warning messages"
"0","#| message: false"
"0",""
"0","us_states <- read_sf(""data/cb_2023_us_state_20m/cb_2023_us_state_20m.shp"") # data from the US Census Bureau"
"0","Motor_vehicle <- read_csv(""data/Motor_Vehicle_Registrations_Dashboard_data.csv"") # We can also use read.csv function, which is included in Base R; data accessed from data.gov"
"1","[1mRows: [22m[34m6293[39m [1mColumns: [22m[34m6[39m
"
"1","[36m──[39m [1mColumn specification[22m [36m────────────────────────────────────────[39m
[1mDelimiter:[22m "",""
[31mchr[39m (1): state
[32mdbl[39m (5): year, Auto, Bus, Truck, Motorcycle
"
"1","
[36mℹ[39m Use `spec()` to retrieve the full column specification for this data.
[36mℹ[39m Specify the column types or set `show_col_types = FALSE` to quiet this message.
"
